{"times":[28.909072918,27.747878526,29.551935293,31.18777425,31.983314349],"energies":[-4.7079065830164435,-4.7080849831636975,-4.708170343760397,-4.708243927644132,-4.708312421608968]}