{"times":[648.595513174,1331.18723794,1243.797280124,1137.153858282,1050.613942057],"energies":[-116.28803448850338,-116.45278777835514,-116.51539421371818,-116.54406798017538,-116.55995321279909]}