{"times":[36.568881558,51.203522147,93.25255719,429.985539162,522.252214994],"energies":[-116.1637768185882,-116.18156564034945,-116.3006805855837,-116.36203443049581,-116.45028365355965]}