{"times":[3143.233056831,7477.944688926,6813.058243594,6068.897902234,5590.829194346],"energies":[-116.38955581330394,-116.51583382401675,-116.56518682152566,-116.5842481355421,-116.59050256768205]}