{"times":[17432.337091536,44980.115197196,38316.553779646,33896.652240191,32169.9678688],"energies":[-116.4113390731276,-116.5600474575208,-116.59360137249547,-116.59908222781765,-116.59978894378793]}