{"times":[34.56445917,50.98177211,126.229607841,1627.557288465,1342.69467973,1576.619977782,1533.468130048,1360.725387008,1294.913778936,1341.101078928,1345.511691468,1159.528838766,1132.449937054,1155.172748716,1201.609425342,1191.157395064,1227.882262236,1084.592339783,1091.947533955,1150.068015837],"energies":[-116.1637766944028,-116.18156497228256,-116.31418879699483,-116.45257340315783,-116.47634177331192,-116.48408328931943,-116.48873415621446,-116.49173479460028,-116.49496587035829,-116.50143093498014,-116.55669108869026,-116.58870157558874,-116.5937153535493,-116.59520414378585,-116.59573867078956,-116.59608057008904,-116.5962217623239,-116.59628320167154,-116.59630503206806,-116.596315943968]}