{"times":[102120.028003318,177699.223090518,172586.369076687,174794.156841352,176219.011737054],"energies":[-116.59455746050605,-116.60424402472978,-116.60462507137461,-116.60490751040871,-116.60510664640508]}