{"times":[39.688592935,52.367676666,77.00486025,82.267179998,85.41736605],"energies":[-116.16377681858812,-116.18156564048208,-116.2909016034828,-116.30428483357457,-116.30565246991397]}