{"times":[25.637072125,26.886894467,26.064427178,25.822703558,25.883981098,25.902091897,25.899552662,26.098778834,26.731740493,27.309839641],"energies":[-4.7108781976184275,-4.711888109425672,-4.712437124790533,-4.712714189650399,-4.712807685847432,-4.712834340709744,-4.712842698663476,-4.712845854301101,-4.712847278834577,-4.7128480054149655]}